query,impressions
дмитрий красилов,241405
борис акунин,22003
красилов дмитрий,17414
екатерина дунцова,16806
российский смартфон,13139
акунин,12454
валерий фёдорович залужный,8658
дунцова,7264
отар иоселиани умер,6907
оземпик это,6792
очереди из скорых,6737
дмитрий красилов умер,6618
андрей караулов,6503
оземпик,6494
владислав галкин томск,6065
караулов,6059
дмитрий красилов фильмы и сериалы,6056
красилов,5667
европейский союз,5324
красилов умер,4932
слова пацана,4769
год дракона,4017
умер дмитрий красилов,3469
остров нииттюсаари,3468
новогодние праздники 2024,3241
российский смартфон р фон,3207
1/8 финала чемпионата мира по футболу,3207
год дракона 2024,3174
умер красилов,3020
слово пацана 8 серия дата выхода,3019
слово пацана смотреть,2908
путин финляндия нато,2683
танцор дмитрий красилов,2651
материнский капитал 2024,1836
ева эльфи,1798
ставка цб,1786
игорь саликов,1688
умер,1673
белый вагон 88,1576
сво,1487
микоплазменная инфекция,1473
хуситы,1404
режиссер отар иоселиани,1348
залужный,1340
новогодние каникулы 2024,1300
дима красилов,1282
когда выйдет 8 серия слово пацана,1245
пухляш умер,1236
стокгольмский синдром,1229
вб,1214
олег бойко мчс,1191
2024 год дракона,1182
что такое оземпик,1176
k-индекс,1152
каперсы это,1111
бориса акунина и дмитрия быкова,1017
дарья решта,1015
хуситы это,1002
выборы президента рф,1001
яндекс погода,889
суэцкий канал,866
умер дмитрий,854
слово пацана 8 серия,848
перевал дятлова,837
бойко самара,835
от чего умер дмитрий красилов,778
караулов иноагент,762
каперсы,733
маткапитал в 2024,718
ян петровский,708
ипотека для мусульман,701
заработная плата,701
выходные в январе 2024,692
ловкий плут,686
довод,684
марьяна безуглая,660
кетамин,655
роса мобайл,655
связной банкрот,651
дима красилов умер,651
новогодние выходные 2024,646
гитлер,639
гонконгский грипп,625
р-фон,609
слово пацана 9 серия,602
2000 год кого,595
пособие по безработице,590
р фон,574
дмитрий коасилов,572
роджер уотерс,561
кто стоит за карауловым,554
путин упростил получение гражданства,554
аэропорт краснодар открытие,543
утилизационный сбор,538
груз 200,534
слова пацана сериал,532
олег бойко,522
умер танцор,519
дмитрий красилов от чего умер,517
слово пацана 9 серия смотреть онлайн бесплатно wink,508
самый богатый человек в мире,500
исламская ипотека сбербанк,495
что такое каперсы,487
сколопендра,469
открытие аэропорта краснодар,467
дмитрий красилов почему умер,460
www,460
беспилотники волгоградской области,403
р-фон купить,398
умер пухляш,394
маткапитал 2024,393
илья кива,382
пакет санкций против россии,382
акунин борис,377
облекая свою диктатуру кажущейся конституционностью,376
связной,372
роберт гараев,368
приднестровье,367
дружеский секс,365
www.,363
геббельс,353
комерсант,352
дунцова 2024,352
минимальная пенсия в россии,348
караулов андрей,344
пригожин,342
бадьян,336
оземпик что это,331
дунцова кандидат,330
рада русских,330
слово пацана сериал,322
в чем встречать год дракона,319
little big,313
12 пакет санкций,313
танцор красилов,312
пенсионный возраст,308
туркмения,306
14 летний боксер умер,305
1997 год кого,305
как отдыхаем на новый год,305
косово,303
происшествия,295
дмитрий свиргунов,294
осенний призыв 2023,293
рост путина,293
дмитрий красилов умер?,293
мэр воронежа вадим кстенин,292
кива,288
год дракона какой цвет,282
сергей батрин,281
ипотека для мусульман сбербанк,280
воислав торден,279
лордфильм,277
тутанхамон,277
слово пацана 7 серия смотреть онлайн бесплатно wink,276
хэллоуин,275
акунин террорист,271
дунцова екатерина,271
дмитрий красилов смерть,268
санкции,266
оземпик для чего,265
пакистан,265
24 декабря,263
моника левински,261
фспп,261
швейцер,260
бойко мчс,257
никита ефремов,249
кто такой андрей караулов,248
бандера,247
чатгпт,243
брокколи,241
евросоюз,241
писатель акунин,238
слово пацана онлайн,238
пиночет,235
путин про яйца,234
вторая чеченская война,233
игорь саликов офицер,226
закон о тишине,224
умер дима красилов,224
почему умер дмитрий красилов,224
программист,223
пенсия,221
какой год 2024,217
санкции против россии,215
ежик,214
андрей викторович караулов,213
кто такие хуситы,212
бойко,212
скопинский маньяк,211
слово пацана когда выйдет 8 серия,208
слово пацана 9 серия дата выхода,208
нииттюсаари,205
godaddy,205
киевстар,204
богомол,203
сталин центр барнаул,202
квинсента,201
яйца из турции,197
отар иоселиани,196
дмитрий красилов литл биг,194
эпидемия в москве,190
валерий залужный,189
яндекс,189
курылин в розыске,186
северный сентинельский остров,186
ян гущин самара,185
план даллеса,185
вирус в москве,183
новый флаг кыргызстана,183
павлин,183
абакумов,180
дмитрий умер,179
от чего умер красилов,179
андрей караулов где сейчас живет,179
статья 228,179
немая ярость,175
екатерины дунцовой,174
как называют остров сахалин,174
какой актер умер сегодня фото,173
смотреть слово пацана,173
убийство на краю света,170
дарья решта краснодар,168
ключевая ставка цб 15 декабря,167
грант манасян,166
депардье,166
wildberries,166
писатель борис акунин,163
дмитриц красилов,162
евнух,162
йеменские хуситы,161
дмитрий,161
президенты сша,160
торден,158
дарья навальная,154
кто такой дмитрий красилов,153
олег бойко самара,152
на что можно потратить материнский капитал,150
8 серия слово пацана дата выхода,149
дмитрийкрасилов,147
клаус шваб,146
сколько стоит человек,144
дмитрий уткин,144
дмитрий красило,143
очередь из скорых в москве,142
как удалить аккаунт в фейсбуке,141
потери украины,141
красилов актер,140
андрей караулов биография,140
federal government of the united states news,139
в первоуральске умер боксер,138
гиркин,137
бойко олег мчс,136
как удалить страницу в фейсбуке,135
мчс самара,135
слово пацана финал,134
ку клукс клан,133
персональные данные это,132
леша солдат,132
2000 год какого дракона,132
микоплазменная инфекция симптомы,132
новый закон о получении гражданства рф 2023,131
мэттью перри,131
теща,131
дмитрий красилов актер,128
масоны,128
фургал,128
ккк,127
стрелков,125
чвк вагнер,125
самый богатый человек в мире 2023,124
борис максудов,123
афанасий никитин,123
кагарлицкий,123
саликов игорь,121
дмитрий красилов танцор,120
возврат товара надлежащего качества,119
диоксид титана,119
слово пацана дата выхода 8 серии,119
анклав,118
сбербанк ипотека для мусульман,117
цвет 2024 года дракона,117
прожиточный минимум,117
анклав это,117
ореховская опг,116
как удалить аккаунт фейсбук,116
налог на вклады 2023,115
ozempic,114
сны алисы,114
год дракона в чем встречать,113
lordfilm,113
дунцова кандидат в президенты,112
акунин экстремист,111
саша солдат,111
little big умер,111
умер танцор пухляш,111
партеногенез,110
little big дмитрий красилов,110
внешний долг,109
ильназ галявиев,108
когда началась первая мировая война,108
самоубийство,107
как умирают от деменции,106
первая мировая война кратко,106
владимир путин,106
слово пацана 9 когда выйдет,106
дмитрии красилов,105
сталин центр,104
года дракона,104
секис коронавирус симптомы болезни фото,104
игоря саликова,103
пиковая дама балет большой театр,102
ядерные державы,102
шура каретный,102
год какого дракона 2024,102
абсолютная монархия,102
хавьер милей,102
выход на пенсию,101
дмитрий красилов уно,101
вячеслав гришечкин,100
брокколи польза,100
lvbnhbq rhfcbkjd,100
когда 8 серия слово пацана,99
актер дмитрий красилов,98
красилов дмитрий умер,97
категории годности,97
рязанский сахар,97
массоны,97
закон о рекламе,96
категории годности к военной службе,95
жерар депардьё,94
год дракона для дракона,93
актёр дмитрий красилов,92
исламская ипотека,91
лукавый,91
шииты и сунниты,90
некролог,90
мохаммед аль-файед,90
борис акунин террорист,89
валерий фёдорович залужный образование,89
морская корова,89
чувства анны,89
южные ворота склад ашан,89
александр курылин,88
танцор умер,87
екатерина дунцова кандидат,87
сентинельский остров,87
кто сегодня умер,87
артист дмитрий красилов,87
