page,impressions,clicks,ctr,position,заголовок
https://www.kommersant.ru/doc/5985032,1120022,16420,1.47,9,"('Палестино-израильский конфликт: причины и\xa0история эскалации', 'Палестина и Израиль: история и причины конфликта')"
https://www.kommersant.ru/doc/6310795,1082971,22792,2.1,6,"('День народного единства: суть и история праздника 4 ноября - Коммерсантъ',)"
https://www.kommersant.ru/doc/3999368,725471,23764,3.28,7,"('Статья 228 УК РФ: наказание, сроки, подробности', '228: наказание и сроки по статье УК РФ', 'Статья 228 УК РФ: за что могут наказать и какие сроки')"
https://www.kommersant.ru/doc/5252407,674216,30363,4.5,5,"('Осенний призыв 2023: сроки, условия, возраст призыва', 'Весенний призыв: сроки и условия', 'Весенний призыв 2023 в России: сроки и условия')"
https://www.kommersant.ru/doc/6265524,648624,25322,3.9,6,"('Что происходит в Израиле. Главное и карта - Коммерсантъ', 'Что происходит в Израиле. Главное - Коммерсантъ', 'Военный конфликт Израиля и палестинского «Хамаса». Главное - Коммерсантъ', 'Conflitto militare tra Israele e Hamas palestinese. La cosa principale è Kommersant')"
https://www.kommersant.ru/doc/6265466,637139,8012,1.26,10,"('Курс доллара. Прогноз на 9–13 октября - Коммерсантъ', 'Dollar exchange rate. Forecast for October 9–13 - Kommersant')"
https://www.kommersant.ru/doc/6265718,618314,13890,2.25,8,"('Краткий курс истории «Хамаса» - Коммерсантъ', '«Хамас»: краткая история движения', 'Hamas: a brief history of the movement', '哈马斯历史短期课程 - 生意人报')"
https://www.kommersant.ru/doc/2424978,606903,32461,5.35,9,"('Недетские картинки – Weekend',)"
https://www.kommersant.ru/doc/4760835,582957,25084,4.3,4,"('Правила перевозки детей в автокреслах в 2024 году', 'Перевозки детей в автокреслах в 2023 году')"
https://www.kommersant.ru/doc/6280260,578184,5470,0.95,9,"('Курс доллара. Прогноз на 16–20 октября - Коммерсантъ', 'سعر صرف الدولار. توقعات 16-20 أكتوبر - كوميرسانت', 'Dollar exchange rate. Forecast for October 16–20 - Kommersant')"
https://www.kommersant.ru/doc/4760817,545104,10320,1.89,8,"('Материнский капитал 2024: размер, на что можно потратить', 'Материнский капитал в 2023 году: сумма, как потратить', 'Материнский капитал в 2024 году: сумма, как потратить')"
https://www.kommersant.ru/doc/6309893,504013,4195,0.83,10,"('Курс доллара. Прогноз на 30 октября–3 ноября - Коммерсантъ', 'Dollar exchange rate. Forecast for October 30–November 3 - Kommersant', 'سعر صرف الدولار. توقعات الفترة من 30 أكتوبر إلى 3 نوفمبر - كوميرسانت', '美元汇率。10月30日至11月3日的预测- Kommersant')"
https://www.kommersant.ru/doc/6236904,478933,18785,3.92,6,"('Пенсии догоняют инфляцию – Коммерсантъ', 'В 2024 году пенсии неработающим пенсионерам в РФ проиндексируют на 7,5%', 'Пенсии неработающим пенсионерам в 2024 году')"
https://www.kommersant.ru/doc/5953459,423693,12052,2.84,6,"('Пенсионный возраст в России 2024: годы рождения, возраст выхода на пенсию', 'Пенсионный возраст в России 2023: годы рождения')"
https://www.kommersant.ru/doc/1645846,415816,29015,6.98,6,"('Израиль: как менялась граница, что было раньше, площадь – Коммерсантъ', 'Как менялись границы Израиля – Коммерсантъ', 'Как менялись границы Израиля – Газета Коммерсантъ № 90 (4631) от 23.05.2011', 'Израиль: как менялась граница, что было раньше, площадь, карта – Коммерсантъ')"
https://www.kommersant.ru/doc/6320516,410723,11462,2.79,9,"('Блогера Аяза Шабутдинова задержали за мошенничество по заявлению восьми учеников', 'Учение — тюрьма - Коммерсантъ', 'Блогера Аяза Шабутдинова задержали за мошенничество по заявлению восьми учеников - https://www.kommersant.ru/')"
https://www.kommersant.ru/doc/5118529,400355,31664,7.91,8,"('Пособие молодым матерям-одиночкам в 2023', 'Пособие матерям-одиночкам в 2023')"
https://www.kommersant.ru/doc/5090728,396500,21345,5.38,6,"('Пособие по безработице 2023: как встать на биржу труда и сколько платят', 'Пособие по безработице 2023: сколько платят на бирже труда')"
https://www.kommersant.ru/doc/2674108,379281,7053,1.86,7,"('Анклав: что такое, список всех анклавов мира', 'Все анклавы мира – Власть')"
https://www.kommersant.ru/doc/1585179,344771,33156,9.62,14,"('""Секс и незамужняя девушка"" – Власть', '""Sex and the Unmarried Girl"" – Power')"
https://www.kommersant.ru/doc/5358856,340394,11224,3.3,11,"('Передозировка витамина D', 'Витамин Д: польза, вред, дозировка')"
https://www.kommersant.ru/doc/6240146,324837,6160,1.9,8,"('Победный провал - Коммерсантъ', 'Как началась и к чему привела арабо-израильская война 1973 года', 'Война Судного дня 1973\xa0года: как началась и чем закончилась', 'Războiul Yom Kippur din 1973: cum a început și cum s-a încheiat')"
https://www.kommersant.ru/doc/4898652,322791,3831,1.19,9,"('Мелатонин: что за гормон, когда вырабатывается и для чего нужен – Наука', 'Мелатонин: гормон с волшебными свойствами – Наука')"
https://www.kommersant.ru/doc/4530879,321013,28695,8.94,25,"('5 порнофильмов, которые больше, чем порнофильмы – Weekend', 'Porno Filmlerden Daha Fazlası Olan 5 Porno Film - Hafta Sonu')"
https://www.kommersant.ru/doc/6335919,317074,4860,1.53,8,"('Курс доллара. Прогноз на 13–17 ноября - Коммерсантъ', 'سعر صرف الدولار. توقعات 13-17 نوفمبر - كوميرسانت', 'Bloomberg: The EU plans to ban the import of Russian diamonds and the export of machine tools – Kommersant')"
https://www.kommersant.ru/doc/6267841,314328,5872,1.87,7,"('Армия Израиля опубликовала карту запретной зоны вокруг сектора Газа – Коммерсантъ',)"
https://www.kommersant.ru/doc/6042147,283466,14573,5.14,3,"('Ядерные державы - список 2023 года', 'SIPRI: РФ и США нарастили число развернутых ядерных боеголовок в 2022 году – Коммерсантъ')"
https://www.kommersant.ru/doc/5968253,282124,7898,2.8,5,"('Все страны с абсолютной монархией', 'Все монархии мира - Коммерсантъ')"
https://www.kommersant.ru/doc/6250697,281421,3102,1.1,9,"('Курс доллара. Прогноз на 2–6 октября - Коммерсантъ', 'سعر صرف الدولار. توقعات الفترة من 2 إلى 6 أكتوبر - كوميرسانت')"
https://www.kommersant.ru/doc/6310073,274275,3392,1.24,12,"('TMZ: умер актер Мэттью Перри – Коммерсантъ',)"
https://www.kommersant.ru/doc/254914,269190,7199,2.67,9,"('Словарь жестов – Власть',)"
https://www.kommersant.ru/doc/3126638,265459,2047,0.77,8,"('Все президенты США: список и чем известны', 'Все президенты США в цифрах, фактах и лозунгах', 'Хозяева Белого дома – Власть')"
https://www.kommersant.ru/doc/5357878,264901,18294,6.91,9,"('Какие вклады не облагаются налогом в 2023 году - Коммерсантъ',)"
https://www.kommersant.ru/doc/5272200,257894,3757,1.46,6,"('Социофобия: признаки, причины, как справиться',)"
https://www.kommersant.ru/doc/5493765,253730,1539,0.61,25,"('Социальные программы и политика РФ в 2023 году',)"
https://www.kommersant.ru/doc/304148,246338,4113,1.67,15,"('""Непосвященный может сойти с ума"" – Деньги – Коммерсантъ', '""Непосвященный может сойти с ума"" – Деньги')"
https://www.kommersant.ru/doc/6321288,240428,13936,5.8,7,"('Производственный календарь-2024',)"
https://www.kommersant.ru/doc/6299097,238234,2639,1.11,8,"('В Крыму напали на экс-депутата Рады Олега Царева – Коммерсантъ',)"
https://www.kommersant.ru/doc/6295516,234865,8793,3.74,8,"('Востоковед Сатановский уволен с «Соловьев Live» за оскорбления Захаровой – Коммерсантъ', 'Востоковед Сатановский уволен с «Соловьев Live» за высказывания в адрес Захаровой – Коммерсантъ', 'Востоковед Сатановский уволен с «Сольвьев Live» за высказывания в адрес Захаровой – Коммерсантъ')"
https://www.kommersant.ru/doc/4743108,229825,14126,6.15,8,"('10 самых раскрученных маньяков России - Коммерсантъ',)"
https://www.kommersant.ru/doc/5968169,221541,8613,3.89,7,"('Категории годности к\xa0военной службе в\xa0России - Коммерсантъ',)"
https://www.kommersant.ru/doc/1385337,217414,6729,3.1,7,"('""Брокколи не должна соприкасаться с кипящей водой"" – Weekend Украина', '&quot;Брокколи не должна соприкасаться с кипящей водой&quot; – Weekend Украина')"
https://www.kommersant.ru/doc/2402320,215796,3314,1.54,7,"('Сунниты и шииты: кто такие и в чем между ними разница', 'Кто такие сунниты и шииты – Власть')"
https://www.kommersant.ru/doc/6174139,213473,756,0.35,11,"('Человек, по позывному которого названа ЧВК «Вагнер»: чем известен командир Дмитрий Уткин - Коммерсантъ', 'Дмитрий «Вагнер» Уткин: биография и чем известен')"
https://www.kommersant.ru/doc/5040275,213073,17453,8.19,5,"('Вождение в нетрезвом виде 2023: наказание, лишение прав',)"
https://www.kommersant.ru/doc/5581649,211999,1894,0.89,18,"('Приложения: Последние новости России и мира – Коммерсантъ ТОП-1000 российских менеджеров (140522) - «Лучшие выбирают лучших»', 'Топ-1000 российских менеджеров 2022 года')"
https://www.kommersant.ru/doc/1122350,208851,5902,2.83,7,"('Каперсы: что такое, чем полезны, фото', 'Каперсы - что это такое и чем они полезны')"
https://www.kommersant.ru/doc/5410208,208117,5592,2.69,11,"('Сдать кровь в 2023 году: сколько платят донорам', 'Донор крови в России в 2023 году')"
https://www.kommersant.ru/doc/3778568,207590,5557,2.68,15,"('Любит, но не хочет – Коммерсантъ', 'Почему люди стали меньше заниматься сексом', 'Sevadi, lekin xohlamaydi - Kommersant')"
https://www.kommersant.ru/doc/6001104,207112,4549,2.2,11,"('Как оформить загранпаспорт в России 2023',)"
https://www.kommersant.ru/doc/3867733,203199,329,0.16,8,"('С телефонов Сбербанка позвонили мошенники – Коммерсантъ',)"
https://www.kommersant.ru/doc/5940565,200677,7897,3.94,7,"('Оземпик: что это, как работает, побочные эффекты', 'Уколоться и\xa0забыться – Стиль')"
https://www.kommersant.ru/doc/4109977,198532,1758,0.89,16,"('Приложения: Последние новости России и мира – Коммерсантъ Топ 1000 российских менеджеров (119589) - 1000 лучших менеджеров России-2019', 'Applications: Latest news from Russia and the world - Kommersant Top 1000 Russian managers (119589) - 1000 best managers of Russia 2019')"
https://www.kommersant.ru/doc/4838052,196953,5758,2.92,12,"('После развода: как делить имущество при разводе в 2023 году', 'Раздел имущества при разводе в 2023 году')"
https://www.kommersant.ru/doc/1475877,196102,5283,2.69,8,"('Богиня красоты, богиня любви: Афродита, Иштар и другие покровители любви', '10 божеств\xa0— покровителей любви – Коммерсантъ', '10 божеств\xa0&mdash; покровителей любви – Коммерсантъ')"
https://www.kommersant.ru/doc/3917583,194301,16123,8.3,5,"('Самые распространенные языки мира - Коммерсантъ',)"
https://www.kommersant.ru/doc/6295141,192321,3417,1.78,10,"('Курс доллара. Прогноз на 22–27 октября - Коммерсантъ',)"
https://www.kommersant.ru/doc/6265646,189689,3848,2.03,11,"('«Государство Израиль находится в состоянии войны» - Коммерсантъ', 'Как началось крупнейшее за десятилетия обострение в Израиле', 'Как начался новый виток войны Израиля с Палестиной')"
https://www.kommersant.ru/doc/2296204,188775,2913,1.54,7,"('Что едят ежи: правда и вымысел – Коммерсантъ',)"
https://www.kommersant.ru/doc/5876097,188121,6532,3.47,7,"('В каких странах мира переводят часы на летнее и зимнее время - Коммерсантъ',)"
https://www.kommersant.ru/doc/4996811,186540,9251,4.96,7,"('Неуплата налогов 2023: ответственность, штрафы, статья НК РФ',)"
https://www.kommersant.ru/doc/6137273,182765,2571,1.41,10,"('Северная Корея и Южная Корея - в цифрах и фактах', 'Цифры и факты о Северной и Южной Корее', '北朝鮮と韓国 - 事実と数字で見る')"
https://www.kommersant.ru/doc/6000766,182685,7841,4.29,4,"('Самый богатый человек в мире Бернар Арно потерял за день $11,2 млрд из-за падения акций LVMH – Коммерсантъ',)"
https://www.kommersant.ru/doc/6265757,178381,11402,6.39,5,"('Что происходило в Израиле. День 2-й. Главное и карта - Коммерсантъ', 'Что происходит в Израиле. День 2-й. Главное и карта - Коммерсантъ', 'Что происходит в Израиле. День 2-й. Главное - Коммерсантъ')"
https://www.kommersant.ru/doc/4804622,175011,4470,2.55,11,"('ИП и самозанятость 2023: в чем разница и что лучше', 'Самозанятый или ИП 2023: в чем разница и что лучше')"
https://www.kommersant.ru/doc/2293259,173825,5129,2.95,16,"('МУЖСКАЯ ИЗМЕНА ОТ А ДО Я – Коммерсантъ',)"
https://www.kommersant.ru/doc/5258817,170739,4795,2.81,6,"('Как удалить аккаунт в Facebook - Коммерсантъ',)"
https://www.kommersant.ru/doc/6281714,168121,2905,1.73,7,"('Сергей Сивохо: биография и политические взгляды - Коммерсантъ',)"
https://www.kommersant.ru/doc/4694156,167742,1148,0.68,6,"('Сколопендра: ядовитая и опасная многоножка', 'Гигантская сколопендра – Weekend')"
https://www.kommersant.ru/doc/6253479,167010,2303,1.38,14,"('Секс, кровь и суперы – Weekend', '«Поколение ""Ви""»: спин-офф, достойный «Пацанов»')"
https://www.kommersant.ru/doc/5339923,166752,4211,2.53,7,"('Статья за оскорбление: можно ли подать в суд и какой штраф', 'Можно ли подать в суд за оскорбление - Коммерсантъ')"
https://www.kommersant.ru/doc/6349313,161211,1520,0.94,9,"('Курс доллара. Прогноз на 20–24 ноября - Коммерсантъ',)"
https://www.kommersant.ru/doc/6283110,160465,2573,1.6,6,"('Приложение Тинькофф-банка появилось в App Store – Коммерсантъ', 'Приложение Тинькофф-банка снова доступно в App Store – Коммерсантъ')"
https://www.kommersant.ru/doc/4799175,158038,7984,5.05,4,"('Самозанятость 2023: плюсы и минусы',)"
https://www.kommersant.ru/doc/5258816,153654,302,0.2,9,"('Как удалить аккаунт в Instagram - Коммерсантъ',)"
https://www.kommersant.ru/doc/1770387,151340,5343,3.53,7,"('Федерации список: все федеративные государства мира', 'Все федерации мира – Власть')"
https://www.kommersant.ru/doc/6111580,150997,1170,0.77,14,"('Рецензия на фильм Майвенн «Жанна Дюбарри»', '«Жанна Дюбарри»: рецензия')"
https://www.kommersant.ru/doc/5090668,149746,19766,13.2,10,"('Нужно ли платить пенсионерам транспортный налог в 2023 году', 'Нужно ли пенсионерам платить транспортный налог в 2023 году')"
https://www.kommersant.ru/doc/6321673,149699,3953,2.64,4,"('Что отмечают в России 7 ноября - Коммерсантъ',)"
https://www.kommersant.ru/doc/3917971,148966,1838,1.23,13,"('«Если есть конопля, то можно выжить везде» - Коммерсантъ',)"
https://www.kommersant.ru/doc/5785199,148362,3790,2.55,8,"('Перевал Дятлова: история группы и мнения экспертов', 'Перевал Дятлова накрыл туман - Коммерсантъ')"
https://www.kommersant.ru/doc/5194062,148066,4537,3.06,6,"('Возврат товара в 2023 году: закон, сроки, условия', 'Как вернуть некачественный товар в 2023 году')"
https://www.kommersant.ru/doc/4633523,146717,1719,1.17,10,"('«Довод» 2020: смысл и главная идея фильма', '«Довод» объяснение фильма: – Коммерсантъ Саратов')"
https://www.kommersant.ru/doc/6252298,145003,4542,3.13,7,"('МЧС: по всей России 4 октября пройдет проверка систем оповещения населения – Коммерсантъ', 'По всей России 4 октября пройдет проверка систем оповещения населения – Коммерсантъ')"
https://www.kommersant.ru/doc/6311714,143925,1332,0.93,9,"('Что такое Хэллоуин', 'Хэллоуин: какого числа отмечают, суть и традиции праздника')"
https://www.kommersant.ru/doc/5051809,143559,1550,1.08,8,"('«""Хезболла"" стремится к углублению связей с Россией» - Коммерсантъ',)"
https://www.kommersant.ru/doc/2289132,143250,1337,0.93,10,"('А СУЩЕСТВУЮТ ЛИ ЕВРЕИ? – Огонек № 36 (4711) от 09.09.2001', 'Евреи: существует ли еврейский народ?')"
https://www.kommersant.ru/doc/6320680,143247,6074,4.24,9,"('Блогер Аяз Шабутдинов: кто такой и на\xa0чем зарабатывает - Коммерсантъ', 'Блогер Аяз Шабутдинов: кто такой и на чем зарабатывает - Коммерсантъ')"
https://www.kommersant.ru/doc/4474385,142593,3133,2.2,11,"('Клип на песню The Weeknd стал лучшим видео года по версии MTV – Коммерсантъ',)"
https://www.kommersant.ru/doc/6239607,141412,325,0.23,11,"('Умер исполнитель роли Дамблдора Майкл Гэмбон – Коммерсантъ',)"
https://www.kommersant.ru/doc/6084869,140201,2634,1.88,4,"('Ку-клукс-клан: как родилось и умерло скандальное движение', 'Ку-Клукс-Клан: история возникновения, влияние на политику, закат движения')"
https://www.kommersant.ru/doc/5080185,136955,1388,1.01,14,"('Гарри Поттер и Джоан Роулинг: кто сколько заработал',)"
https://www.kommersant.ru/doc/4976610,135762,6401,4.71,7,"('Что является персональными данными по закону - Коммерсантъ',)"
https://www.kommersant.ru/doc/5367477,134879,5013,3.72,12,"('Как закрыть самозанятость в 2023 году',)"
https://www.kommersant.ru/doc/698946,133700,797,0.6,8,"('""Консерватизм -- это осторожное и опасливое отношение к прогрессу"" – Власть', 'Консерватизм, что это - рассказывает кандидат философии', '""Консерватизм -- это осторожное и опасливое отношение к прогрессу"" – Власть – Коммерсантъ')"
https://www.kommersant.ru/doc/6320361,132665,2294,1.73,7,"('Сектор Газа: история, география и экономика - Коммерсантъ', 'Сектор Газа: что это, площадь, история, население')"
https://www.kommersant.ru/doc/6320804,128506,2050,1.6,11,"('Курс доллара. Прогноз на 7–10 ноября - Коммерсантъ', 'Dollar exchange rate. Forecast for November 7–10 - Kommersant')"
https://www.kommersant.ru/doc/2801357,128504,1937,1.51,7,"('Каким был Великий шелковый путь - Коммерсантъ', 'Великий шелковый путь: краткая история')"
https://www.kommersant.ru/doc/4052509,128062,523,0.41,7,"('Дикпик: что это', 'Осторожно: дикпик – Коммерсантъ')"
https://www.kommersant.ru/doc/6321292,127999,2935,2.29,6,"('Что такое магнитные бури и как они влияют на людей - Коммерсантъ',)"
https://www.kommersant.ru/doc/4228005,127735,1214,0.95,8,"('ЦРУ опубликовало архивные материалы о Бандере – Коммерсантъ',)"
https://www.kommersant.ru/doc/6146763,127666,4010,3.14,6,"('Россия вошла в пятерку экономик мира по паритету покупательной способности – Коммерсантъ', 'ВВП по ППС: топ-5 стран мира')"
https://www.kommersant.ru/doc/4849667,126561,1110,0.88,8,"('Франкенштейн: только факты', 'Весь Франкенштейн в 47\xa0фактах – Weekend')"
https://www.kommersant.ru/doc/6320896,125793,3014,2.4,10,"('Блогер Шабутдинов арестован по обвинению в мошенничестве – Коммерсантъ',)"
https://www.kommersant.ru/doc/1638965,124634,3209,2.57,9,"('Продолжительность жизни по векам и эпохам: от древних людей до современности', 'Биоархеологическая реконструкция позволяет узнать о жизни людей, от которых остались только кости – Наука')"
https://www.kommersant.ru/doc/3343874,123439,371,0.3,9,"('Митохондрии: функции и строение', 'Митохондрии помнят, что они были бактериями – Наука – Коммерсантъ')"
https://www.kommersant.ru/doc/3047266,122714,1236,1.01,10,"('История и эволюция кроссворда', 'Слово из девяти букв – Огонек № 30 (5440) от 01.08.2016')"
https://www.kommersant.ru/doc/6267024,122657,5170,4.22,5,"('Ядерное оружие у Израиля: что об этом известно - Коммерсантъ',)"
https://www.kommersant.ru/doc/3940279,122017,2635,2.16,26,"('Налоговый вычет 2023: список документов, 3-НДФЛ, сроки подачи',)"
https://www.kommersant.ru/doc/6280520,121936,10802,8.86,3,"('Альпинистка Надежда Оленева: биография и достижения - Коммерсантъ',)"
https://www.kommersant.ru/doc/6349255,119807,3431,2.86,7,"('«РИА Новости»: киллер Саша Солдат вышел на свободу – Коммерсантъ', 'Киллер Саша Солдат выйдет на свободу сегодня – Коммерсантъ', '«РИА Новости»: Саша Солдат вышел на свободу – Коммерсантъ')"
https://www.kommersant.ru/doc/6312198,119645,4669,3.9,8,"('Йемен нанес ракетный удар по Израилю – Коммерсантъ',)"
https://www.kommersant.ru/doc/4540484,119299,1400,1.17,8,"('Тутанхамон: история фараона и его мумии', 'Как Тутанхамон вышел из гробницы, свел человечество с ума, начал Вторую мировую, объездил весь мир и вернулся домой – Weekend', 'Тутанхамон: історія фараона та його мумії')"
https://www.kommersant.ru/doc/841010,117674,1255,1.07,10,"('Как передавали власть правители Руси, России, Российской империи, СССР, Российской Федерации – Деньги',)"
https://www.kommersant.ru/doc/4301293,115968,1895,1.63,14,"('История отношений рубля и доллара - Коммерсантъ',)"
https://www.kommersant.ru/doc/2498452,115197,8172,7.09,9,"('10 самых знаменитых масонов – Коммерсантъ',)"
https://www.kommersant.ru/doc/3211081,115040,427,0.37,8,"('Радиоэлектронная борьба (РЭБ): что это, научные принципы', 'Научные принципы радиоэлектронной борьбы – Наука – Коммерсантъ')"
https://www.kommersant.ru/doc/6172049,113605,4711,4.15,6,"('Участница реалити-шоу «Пацанки» погибла, выпав из окна – Коммерсантъ',)"
https://www.kommersant.ru/doc/6323486,112385,958,0.85,7,"('«Черная пятница»: когда пройдет и как к ней относятся россияне - Коммерсантъ',)"
https://www.kommersant.ru/doc/6281242,111517,1153,1.03,7,"('«Хезболла»: краткий курс истории движения - Коммерсантъ',)"
https://www.kommersant.ru/doc/6296348,111381,8195,7.36,6,"('Журналистка Лиза Лазерсон ушла с «Живого гвоздя» из-за антисемитского анекдота – Коммерсантъ',)"
https://www.kommersant.ru/doc/5580569,109149,6566,6.02,12,"('Максимальное пособие по беременности и родам в 2024 году вырастет в 1,5 раза – Коммерсантъ',)"
https://www.kommersant.ru/doc/3288713,108872,803,0.74,45,"('«Проигранная ставка — это как будто ты принял наркотик» – Власть', '«Проигранная ставка — это как будто ты принял наркотик» – Власть – Коммерсантъ', '«Проигранная ставка &mdash; это как будто ты принял наркотик» – Власть', '«Проигранная ставка &mdash; это как будто ты принял наркотик» – Власть – Коммерсантъ')"
https://www.kommersant.ru/doc/6296237,108568,6488,5.98,5,"('Закон о тишине: где и в какое время запрещено шуметь - Коммерсантъ',)"
https://www.kommersant.ru/doc/4957287,107024,1759,1.64,17,"('Ипотека с материнским капиталом 2023', 'Маткапитал на квартиру 2023: условия ипотеки, документы, взнос')"
https://www.kommersant.ru/doc/3213253,106064,3656,3.45,6,"('Грегор Мендель: биография и законы', 'Грегор Мендель — гений посмертно – Наука')"
https://www.kommersant.ru/doc/6336082,105749,1174,1.11,7,"('Как в первый раз – Коммерсантъ', 'Администрация президента подбирает инициативную группу по выдвижению Владимира Путина на выборах 2024 года', 'Как в\xa0первый раз – Коммерсантъ')"
https://www.kommersant.ru/doc/1049413,105172,6841,6.5,4,"('Приложения: Последние новости России и мира – Коммерсантъ Business Guide (42249) - Крупнейшие центры машиностроения в России',)"
https://www.kommersant.ru/doc/5194033,104794,5590,5.33,8,"('Что делать и куда обращаться, если пропал человек',)"
https://www.kommersant.ru/doc/6174715,102874,5727,5.57,1,"('Стокгольмский синдром: как налет на банк внес большой вклад в психологию', 'Как налет на банк внес большой вклад в психологию')"
https://www.kommersant.ru/doc/1370714,102071,958,0.94,6,"('Евнухи: кто такие и какое место занимали в истории', 'Органы власти – Огонек № 20 (5129) от 24.05.2010', 'Евнухи во власти')"
https://www.kommersant.ru/doc/6320002,101942,770,0.76,12,"('«РИА Новости»: Алла Пугачева вернулась в Россию – Коммерсантъ',)"
https://www.kommersant.ru/doc/711951,101814,1262,1.24,5,"('Гранат: как правильно есть и использовать на кухне', 'Гранат: чем полезен, как применять на кухне')"
https://www.kommersant.ru/doc/4019330,101318,1723,1.7,9,"('10 знаменитых пород русских лошадей',)"
https://www.kommersant.ru/doc/2453673,100949,1815,1.8,7,"('Вторая чеченская война: хроника, сроки, причины', 'Хроника второй чеченской войны - Коммерсантъ')"
https://www.kommersant.ru/doc/6312235,100538,2477,2.46,6,"('Павел Пригожин возглавил подразделение Росгвардии, куда вошла ЧВК «Вагнер» – Коммерсантъ Санкт-Петербург',)"
https://www.kommersant.ru/doc/1262297,99659,1754,1.76,6,"('Мусульманские страны: где живут мусульмане, население', 'Где живут мусульмане – Власть – Коммерсантъ')"
https://www.kommersant.ru/doc/5183479,99640,531,0.53,11,"('Эркюль Пуаро в 20\xa0пунктах – Weekend', 'Эркюль Пуаро: история появления знаменитого сыщика')"
https://www.kommersant.ru/doc/4826634,99177,8341,8.41,2,"('Инвесторы TON подали в суд на Telegram – Коммерсантъ',)"
https://www.kommersant.ru/doc/6267847,98075,2403,2.45,6,"('Текст по\xa0принуждению – Weekend', 'Фильм «Кошки-мышки»: неудачная экранизация феминистского рассказа')"
https://www.kommersant.ru/doc/5436728,97789,3681,3.76,7,"('Гибридный автомобиль: что такое, плюсы и минусы', 'Гибридный автомобиль в 2023: стоит ли покупать, плюсы и минусы')"
https://www.kommersant.ru/doc/5537100,97628,9376,9.6,6,"('Борис Листов — биографический портрет главы Россельхозбанка – Картина дня – Коммерсантъ',)"
https://www.kommersant.ru/doc/6323358,97272,992,1.02,6,"('Чем известен главком ВСУ Валерий Залужный - Коммерсантъ', 'Валерий Залужный: биография и взгляды главкома ВСУ')"
https://www.kommersant.ru/doc/3909048,96933,1645,1.7,45,"('Обыграть казино или потерять все – Коммерсантъ FM',)"
https://www.kommersant.ru/doc/5218984,96562,424,0.44,13,"('Весь Бэтмен в 50\xa0фактах – Weekend',)"
https://www.kommersant.ru/doc/2889657,95809,3600,3.76,6,"('Соотношение суннитов и шиитов в мире - Коммерсантъ',)"
https://www.kommersant.ru/doc/2599895,95721,2480,2.59,9,"('Йозеф Геббельс в 15 цитатах', '«Дайте мне средства массовой информации, и я из любого народа сделаю стадо свиней» – Картина дня – Коммерсантъ')"
https://www.kommersant.ru/doc/4389719,95593,1565,1.64,7,"('Поправки к Конституции: кратко', '206 поправок к Конституции за 4 минуты - Коммерсантъ')"
https://www.kommersant.ru/doc/2319540,95404,2817,2.95,9,"('Как умер Ясир Арафат', 'Смерть Ясира Арафата стала научным фактом – Газета Коммерсантъ № 187 (5219) от 14.10.2013', 'Як помер Ясір Арафат')"
https://www.kommersant.ru/doc/6267337,94632,3882,4.1,4,"('Что происходит в Израиле. День 5-й. Главное', 'Что происходит в Израиле. День 5-й. Главное и карта')"
https://www.kommersant.ru/doc/5481557,94478,3532,3.74,9,"('Что будет, если не платить долг за ЖКХ',)"
https://www.kommersant.ru/doc/6281054,94296,3990,4.23,9,"('Умер композитор Геннадий Гладков. Некролог', 'Химически лучистый – Коммерсантъ', 'Умер Геннадий Гладков. Некролог')"
https://www.kommersant.ru/doc/6224788,93903,1206,1.28,10,"('Комедия Ольги Дибцевой «Я богиня». Рецензия',)"
https://www.kommersant.ru/doc/341025,93539,2221,2.37,6,"('Откуда берутся дети – Власть',)"
https://www.kommersant.ru/doc/428231,93480,1907,2.04,8,"('Рост личности в истории – Власть – Коммерсантъ',)"
https://www.kommersant.ru/doc/5902769,92864,1179,1.27,13,"('«Маленький принц»: краткая история знаменитой повести', '«Маленький принц»: 20 интересных фактов')"
https://www.kommersant.ru/doc/5809893,92663,370,0.4,6,"('ТАСС: в Москве задержали сооснователя Telegram-канала «ВЧК-ОГПУ» – Коммерсантъ',)"
https://www.kommersant.ru/doc/5926969,92417,9754,10.55,7,"('Как сдать ЕГЭ выпускнику прошлых лет в 2023–2024 годах - Коммерсантъ', 'Как сдать ЕГЭ выпускнику прошлых лет в 2023–2024 годах – Картина дня – Коммерсантъ')"
https://www.kommersant.ru/doc/6298541,92003,10458,11.37,6,"('Новый закон о гражданстве РФ: что изменится - Коммерсантъ', 'Nueva ley sobre ciudadanía de la Federación Rusa: qué cambiará - Kommersant')"
https://www.kommersant.ru/doc/5720466,91334,913,1.0,12,"('Перспективная карта метро Москвы и МЦД до 2030 года', 'Опубликована новая перспективная карта метро Москвы и МЦД до 2030 года – Коммерсантъ')"
https://www.kommersant.ru/doc/3187872,90668,8447,9.32,8,"('10 народных промыслов России',)"
https://www.kommersant.ru/doc/382369,90507,8841,9.77,7,"('Самые великие русские – Власть',)"
https://www.kommersant.ru/doc/4977233,90099,2947,3.27,9,"('Что делать, если звонит телефонный мошенник',)"
https://www.kommersant.ru/doc/6323290,89410,6489,7.26,8,"('Уполномоченный при президенте Борис Титов нашел нарушения в деле Аяза Шабутдинова',)"
https://www.kommersant.ru/doc/5941581,89265,5310,5.95,4,"('В каком возрасте человек считается молодым - Коммерсантъ', 'Возраст молодежи в разных странах - инфографика', 'Возраст молодежи в разных странах: до скольки лет человек считается молодым')"
https://www.kommersant.ru/doc/6310307,89184,3042,3.41,9,"('Толпа парализовала работу аэропорта Махачкалы, куда прибыл рейс из Тель-Авива – Коммерсантъ',)"
https://www.kommersant.ru/doc/5863453?erid=4CQwVszH9pSXqmop68r,89179,3151,3.53,15,"('Как списать долги через МФЦ в 2023? – Коммерсантъ Воронеж',)"
https://www.kommersant.ru/doc/1545448,88803,3923,4.42,6,"('Приложения: Последние новости России и мира – Коммерсантъ Business Guide (61592) - Десять крупнейших нефтяных месторождений России',)"
https://www.kommersant.ru/doc/6265649,88467,468,0.53,9,"('Кomendant надавил на газ - Коммерсантъ', 'Репортаж Андрей Колесникова: как в Ново-Огарево отмечали день рождения Владимира Путина', 'Как в Ново-Огарево отмечали день рождения Владимира Путина')"
https://www.kommersant.ru/doc/2285862,86185,1795,2.08,12,"('Виагра: история препарата, побочные эффекты', 'Виагра: и\xa0хочется, и\xa0колется\xa0— Огонек')"
https://www.kommersant.ru/doc/5549246,86068,5613,6.52,6,"('Россия входит в топ-10 стран по числу самоубийств - Коммерсантъ',)"
https://www.kommersant.ru/doc/420946,85981,6739,7.84,6,"('Русские не любят евреев – Власть',)"
https://www.kommersant.ru/doc/246270,84290,1342,1.59,8,"('Дети Сталина: пасмурный Яков, мудрый Константин и дикаренок Вася', 'Иосиф и его сыновья – Власть – Коммерсантъ')"
https://www.kommersant.ru/doc/4327031,84284,524,0.62,11,"('LordFilm: аудитория сайта нелегального онлайн-кинотеатра',)"
https://www.kommersant.ru/doc/6266967,83095,2575,3.1,8,"('Как оформить больничный и узнать сумму выплаты в 2023 году',)"
https://www.kommersant.ru/doc/2608127,82962,958,1.15,8,"('Афанасий Никитин: история и путешествия', 'Ход конем за три моря – Деньги – Коммерсантъ')"
https://www.kommersant.ru/doc/4467795,82697,2267,2.74,5,"('Раскол церкви в 1054 году: история, предпосылки и последствия', 'Раскол 1054\xa0года: Запад расходится с Востоком – Weekend', 'Раскол церкви в 1054 году: Запад расходится с Востоком', 'Црквени раскол 1054. године: историја, позадина и последице')"
https://www.kommersant.ru/doc/360493,82626,502,0.61,2,"('No comment – Газета Коммерсантъ № 10 (2613) от 23.01.2003',)"
https://www.kommersant.ru/doc/20121,82587,2501,3.03,4,"('1997 год — год Красного Огненного Быка – Деньги', '1997 год — год Красного Огненного Быка – Деньги – Коммерсантъ', '1997 год &mdash; год Красного Огненного Быка – Деньги', '1997 год &mdash; год Красного Огненного Быка – Деньги – Коммерсантъ')"
https://www.kommersant.ru/doc/6323054,81509,295,0.36,8,"('Владимир Путин присвоил генеральские звания двум правоохранителям на Ставрополье – Коммерсантъ Ростов-на-Дону',)"
https://www.kommersant.ru/doc/5227039,81259,803,0.99,9,"('Что из себя представляют Донецкая и Луганская народные республики - Коммерсантъ', 'ДНР и ЛНР: население Донбасса, площадь, производства, зарплаты')"
https://www.kommersant.ru/doc/6338718,81067,6969,8.6,4,"('МВД объявило в розыск основателя «Тануки» Александра Орлова за причинение ущерба – Коммерсантъ', 'МВД объявило в розыск основателя «Тануки» Александра Орлова – Коммерсантъ')"
https://www.kommersant.ru/doc/6267432,80833,2592,3.21,3,"('«Релокант — это уже подозрительно» – Коммерсантъ FM', '“Relocant ya es sospechoso” – Kommersant FM')"
https://www.kommersant.ru/doc/694158,80576,854,1.06,10,"('Колючая правда о ежах – Weekend', 'Ежи: как живут и чем питаются')"
https://www.kommersant.ru/doc/6265493,80064,1056,1.32,8,"('«Хамас» объявил о начале операции против Израиля – Коммерсантъ',)"
https://www.kommersant.ru/doc/5218148,80044,2311,2.89,9,"('Валерий Соловей: биография, чем известен', 'Чем известен Валерий Соловей - Коммерсантъ')"
https://www.kommersant.ru/doc/6226010,79868,1186,1.48,8,"('Из леса в сад и обратно - Коммерсантъ', 'История Нагорного Карабаха', 'Арцах: история Нагорного Карабаха')"
https://www.kommersant.ru/doc/6298042,79027,2283,2.89,9,"('Курс доллара. Прогноз на 26–27 октября - Коммерсантъ',)"
https://www.kommersant.ru/doc/4510822,79022,3828,4.84,12,"('«ВКонтакте» добавила поиск по номеру телефона и обновила «сообщения» – Коммерсантъ',)"
https://www.kommersant.ru/doc/1225173,77833,877,1.13,5,"('Крупнейшие ГЭС России – Власть – Коммерсантъ',)"
https://www.kommersant.ru/doc/1606580,77519,2531,3.27,8,"('""Скрыть 8 см разницы не поможет даже обувь на высокой подошве и другие ухищрения"" – Власть',)"
https://www.kommersant.ru/doc/2824868,77402,592,0.76,9,"('Расстрел Белого дома: хроника штурма в фотографиях', 'Война у Белого дома – Картина дня – Коммерсантъ', 'Война у Белого дома - Коммерсантъ')"
https://www.kommersant.ru/doc/6310655,77384,2810,3.63,8,"('МИД Израиля сообщил о гибели 22-летней немки Шани Лук, похищенной «Хамасом» – Коммерсантъ', 'МИД Израиля сообщил, что тело захваченной «Хамасом» немки Шани Лук нашли – Коммерсантъ')"
https://www.kommersant.ru/doc/4493624,77032,1504,1.95,9,"('Тесак и его команда - Коммерсантъ',)"
https://www.kommersant.ru/doc/6265917,76878,3021,3.93,7,"('Что происходит в Израиле. День 3-й. Главное и карта',)"
https://www.kommersant.ru/doc/4316514,76214,3731,4.9,10,"('Самые крупные эпидемии в истории человечества',)"
https://www.kommersant.ru/doc/5303672,75917,1112,1.46,8,"('Программист: сколько зарабатывает, где учиться, с чего начать',)"
https://www.kommersant.ru/doc/1654518,75889,2853,3.76,10,"('Сколько стоит человек: цена жизни', 'Цена человека – Деньги')"
https://www.kommersant.ru/doc/2254408,75808,4030,5.32,8,"('10 малочисленных народов России – Коммерсантъ',)"
https://www.kommersant.ru/doc/6267984,75670,2329,3.08,8,"('Борис Надеждин хочет выдвигаться в президенты в 2024 году',)"
https://www.kommersant.ru/doc/4790460,75601,472,0.62,7,"('Джохар Дудаев: жизнь и смерть мятежного генерала', 'Как умер Джохар Дудаев', 'Конец гужбана Джохара Дудаева - Коммерсантъ')"
https://www.kommersant.ru/doc/5041429,75590,747,0.99,10,"('Том Сойер: 50 интересных фактов',)"
https://www.kommersant.ru/doc/5229179,74311,1082,1.46,6,"('Кто открыл Антарктиду – Наука',)"
https://www.kommersant.ru/doc/3724660,74243,2540,3.42,6,"('Гражданская война в Испании - Коммерсантъ',)"
https://www.kommersant.ru/doc/2955509,73965,3044,4.12,8,"('Что нужно знать о конфликте в Нагорном Карабахе – Мир – Коммерсантъ',)"
https://www.kommersant.ru/doc/576136,73406,797,1.09,12,"('Все участники второй мировой – Власть', 'Страны, участвовавшие во Второй мировой войне. Цели, потери участников')"
https://www.kommersant.ru/doc/5595694,73231,723,0.99,2,"('Население Петербурга сократилось на 15 тысяч человек за месяц – Коммерсантъ Санкт-Петербург',)"
https://www.kommersant.ru/doc/5141549,73215,2510,3.43,8,"('С кем останется ребенок после развода',)"
https://www.kommersant.ru/doc/3880983,73175,866,1.18,7,"('Надежда Крупская: биография, или Как милая гимназистка стала суровым бойцом', 'Неразгаданная Крупская – Коммерсантъ')"
https://www.kommersant.ru/doc/1794231,72787,940,1.29,11,"('Все о картошке: история, польза и вред, селекция', 'Картофель - история, польза и вред, селекция')"
https://www.kommersant.ru/doc/5843500,72624,3322,4.57,6,"('Искусственный подсластитель эритритол оказался опасным для жизни и здоровья – Коммерсантъ',)"
https://www.kommersant.ru/doc/6295935,72537,1689,2.33,8,"('Умер блогер Дядя Слава – Коммерсантъ',)"
https://www.kommersant.ru/doc/5195450,72290,3710,5.13,17,"('Апартаменты: стоит ли покупать, плюсы и минусы покупки, цены', 'Апартаменты: стоит ли покупать, плюсы и минусы покупки, цены, чем отличаются от квартиры', 'Стоит ли покупать апартаменты в 2023 году')"
https://www.kommersant.ru/doc/6267202,72127,6991,9.69,5,"('Balticconnector: что за газопровод и что с ним случилось - Коммерсантъ',)"
https://www.kommersant.ru/doc/4694808,71478,3254,4.55,10,"('Разношенные боты – Коммерсантъ',)"
https://www.kommersant.ru/doc/4510152,71356,464,0.65,10,"('Франшиза - что это: виды, плюсы и минусы',)"
https://www.kommersant.ru/doc/2438384,70713,371,0.52,9,"('До и после Шестидневной войны - Коммерсантъ', 'Шестидневная война: хроника противостояния Израиля и Египта')"
https://www.kommersant.ru/doc/2961563,70435,1265,1.8,10,"('«NNM-Club — единственный крупный торрент-трекер, которому удавалось избегать блокировки» – Коммерсантъ FM – Коммерсантъ',)"
https://www.kommersant.ru/doc/6267907,69726,648,0.93,7,"('Росстат: к 2030 году численность населения РФ сократится на 3,2 млн человек – Коммерсантъ',)"
https://www.kommersant.ru/doc/6281605,69693,1045,1.5,8,"('Умер украинский продюсер «Квартала 95» и политик Сергей Сивохо – Коммерсантъ', 'Умер украинский продюсер и политик Сергей Сивохо – Коммерсантъ')"
https://www.kommersant.ru/doc/3591120,69489,215,0.31,10,"('Гусь - домашняя птица – Weekend',)"
https://www.kommersant.ru/doc/4816741,69440,1184,1.71,15,"('Первоначальный взнос по ипотеке 2023: минимальная сумма и условия', 'Какой первоначальный взнос по ипотеке 2023: сумма и условия')"
https://www.kommersant.ru/doc/6268325,69003,2397,3.47,5,"('ТАСС: пять пассажирских самолетов подали сигналы тревоги в полете над Россией – Коммерсантъ',)"
https://www.kommersant.ru/doc/6054549,68843,1490,2.16,4,"('В Атлантическом океане началась операция по поиску подлодки, доставляющей к «Титанику» туристов – Коммерсантъ',)"
https://www.kommersant.ru/doc/794495,68635,1650,2.4,8,"('Колониализм и колонизация: вред и польза', 'Вред и польза колониализма – Власть – Коммерсантъ')"
https://www.kommersant.ru/doc/5040245,68536,1066,1.56,15,"('Как проверить и оплатить штрафы ГИБДД в 2023 году',)"
https://www.kommersant.ru/doc/2290464,68502,546,0.8,9,"('Яков Джугашвили: был ли сын Сталина в немецком плену?', 'ЯКОВ СТАЛИН НЕ БЫЛ В ПЛЕНУ – Коммерсантъ', 'ЯКОВ СТАЛИН НЕ БЫЛ В ПЛЕНУ – Огонек № 27 (4755) от 07.07.2002', 'Яков Сталин не был в плену – Коммерсантъ')"
https://www.kommersant.ru/doc/1265009,68301,924,1.35,7,"('""Жителям Советского Союза аромат бадьяна был знаком по леденцам монпансье"" – Weekend Украина', '&quot;Жителям Советского Союза аромат бадьяна был знаком по леденцам монпансье&quot; – Weekend Украина')"
https://www.kommersant.ru/doc/4173352,67778,3212,4.74,7,"('Пабло Эскобар и еще 9 самых богатых наркобаронов в истории', '10 богатейших наркобаронов - Коммерсантъ')"
https://www.kommersant.ru/doc/5757283,67584,1464,2.17,6,"('Луи Пастер, основоположник микробиологии и\xa0иммунологии – Наука',)"
https://www.kommersant.ru/doc/4801522,66971,3777,5.64,8,"('Как оспорить наследство по завещанию в 2023 году',)"
https://www.kommersant.ru/doc/6236168,66725,2038,3.05,13,"('Дружественный пластик - Коммерсантъ', 'Каковы условия использования карт UnionPay российских банков')"
https://www.kommersant.ru/doc/6323046,66085,451,0.68,7,"('Выступление Эльвиры Набиуллиной в Госдуме. Главное - Коммерсантъ',)"
https://www.kommersant.ru/doc/6319101,66076,380,0.58,7,"('Путин подписал закон об отзыве ратификации Договора о запрете ядерных испытаний – Коммерсантъ',)"
https://www.kommersant.ru/doc/4134867,65551,1757,2.68,11,"('Чарли Чаплин: биография, фильмография, настоящее имя - Weekend',)"
https://www.kommersant.ru/doc/5346697,65209,1354,2.08,7,"('Абоненты мобильных операторов ДНР и ЛНР включены в российский план нумерации «+7» – Коммерсантъ',)"
https://www.kommersant.ru/doc/5217386,65072,4482,6.89,9,"('Как пройти собеседование на работу: правила поведения и ответы на вопросы - Коммерсантъ',)"
https://www.kommersant.ru/doc/2082601,64689,2438,3.77,8,"('Власик: история главного телохранителя Сталина', '""Запугивал женщин, принуждая их к сожительству"" – Власть – Коммерсантъ')"
https://www.kommersant.ru/doc/5293074,64606,740,1.15,12,"('Паническая атака: симптомы, признаки, что делать', 'Панические атаки: симптомы, признаки, как бороться')"
https://www.kommersant.ru/doc/6265739,63925,3737,5.85,4,"('СМИ: в секторе Газа убит один из лидеров «Хамаса» Айман Юнис – Коммерсантъ',)"
https://www.kommersant.ru/doc/6349303,63619,1736,2.73,7,"('Чем известен освободившийся киллер ореховской ОПГ Саша Солдат - Коммерсантъ',)"
https://www.kommersant.ru/doc/3177371,63589,2033,3.2,7,"('Десять стран, ушедших в историю - Коммерсантъ', 'Британская империя и еще 9 стран, которых больше нет')"
https://www.kommersant.ru/doc/3635555,63497,659,1.04,10,"('Как измерить сон и куда уходит сознание во время сна',)"
https://www.kommersant.ru/doc/2283580,62713,2551,4.07,4,"('ИСЦЕЛЕНИЕ ОТ ГЕРБАЛАЙФА (часть 2) – Коммерсантъ',)"
https://www.kommersant.ru/doc/5952451,62328,379,0.61,10,"('Половая жизнь бледной поганки – Наука', 'Бледная поганка. Симптомы отравления, фото')"
https://www.kommersant.ru/doc/1568791,62301,4354,6.99,11,"('Заговор на любовь – Секрет фирмы',)"
https://www.kommersant.ru/doc/6319611,62212,537,0.86,6,"('Путин подписал закон об отмене информирования Совета Европы о военном положении – Коммерсантъ',)"
https://www.kommersant.ru/doc/2238231,62167,579,0.93,6,"('Умер лидер группы «Король и Шут» - Коммерсантъ',)"
https://www.kommersant.ru/doc/5076473,61851,267,0.43,10,"('«Такое настоящий чеченец себе не позволил бы» - Коммерсантъ', 'Как чеченские террористы Басаева из героев превратились в изгоев')"
https://www.kommersant.ru/doc/2299191,61636,5206,8.45,6,"('Хронология холодной войны – Коммерсантъ', 'Хронология холодной войны – Огонек № 27 (5003) от 08.07.2007')"
https://www.kommersant.ru/doc/6279757,61144,1709,2.8,9,"('Выборы в Польше в 2023 году: партии, лидеры, прогнозы - Коммерсантъ', 'Wybory w Polsce w 2023 r.: partie, liderzy, prognozy - Kommersant')"
https://www.kommersant.ru/doc/6138545,60700,957,1.58,12,"('Вышел в прокат фильм «Криминальный город: Разборки в Пусане»',)"
https://www.kommersant.ru/doc/6253096,60449,1175,1.94,7,"('Ученый из России стал одним из лауреатов Нобелевской премии по химии – Коммерсантъ', 'Россиянин стал одним из лауреатов Нобелевской премии по химии – Коммерсантъ', 'Un científico ruso se convirtió en uno de los premios Nobel de química - Kommersant')"
https://www.kommersant.ru/doc/5230044,60372,1799,2.98,8,"('В каких вооруженных конфликтах участвовала Россия - Коммерсантъ',)"
https://www.kommersant.ru/doc/3474705,60324,1673,2.77,19,"('Что делать, если не пришла платежка из налоговой - Коммерсантъ',)"
https://www.kommersant.ru/doc/5951659,60309,460,0.76,8,"('Чем\xa0фейк отличается от\xa0дискредитации по\xa0УК\xa0РФ',)"
https://www.kommersant.ru/doc/4006650,60030,405,0.67,7,"('Барби: кто создал знаменитую куклу', 'Реальная история Барби - Коммерсантъ')"
https://www.kommersant.ru/doc/1243305,60016,1548,2.58,7,()
https://www.kommersant.ru/doc/6335767,60014,583,0.97,8,"('Последняя песня The Beatles возглавила британский хит-парад впервые за 54 года – Коммерсантъ',)"
https://www.kommersant.ru/doc/6322405,59588,6569,11.02,4,"('Гонконгский грипп: симптомы и чем опасен - Коммерсантъ',)"
https://www.kommersant.ru/doc/6322634,59545,2242,3.77,7,"('Правозащитница подтвердила помилование осужденного за убийство Веры Пехтелевой – Коммерсантъ', 'Правозащитница подтвердила помилование осужденного за убийство Веры Пехтеловой – Коммерсантъ')"
https://www.kommersant.ru/doc/6282149,59482,1042,1.75,8,"('Что представляют собой ракеты ATACMS - Коммерсантъ', 'ATACMS: что за ракеты и как используются')"
https://www.kommersant.ru/doc/5938426,58785,578,0.98,9,"('Теории заговоров: от\xa0завещания Петра до\xa0плана Даллеса', 'Завещание Петра,\xa0план Даллеса, протоколы сионских мудрецов, письмо Зиновьева и другие подделки')"
https://www.kommersant.ru/doc/5080225,58735,1023,1.74,14,"('Налог для богатых в России в 2023',)"
https://www.kommersant.ru/doc/6267491,58596,4471,7.63,5,"('Два поезда столкнулись на станции метро «Печатники» в Москве – Коммерсантъ', 'СМИ: в метро Москвы столкнулись два поезда, официального подтверждения нет – Коммерсантъ', 'СМИ: в метро Москвы столкнулись два поезда – Коммерсантъ')"
https://www.kommersant.ru/doc/4802412,58397,3143,5.38,4,"('Попова поручила проверить добавку Е171 из-за опасений ученых о ее небезопасности – Коммерсантъ',)"
https://www.kommersant.ru/gallery/2499631,58358,351,0.6,10,"('История Первой мировой войны — кратко и в фотографиях', '«Эта величайшая из всех войн — не какая-то очередная война, а война последняя!» - Коммерсантъ')"
https://www.kommersant.ru/doc/5448001,58355,5021,8.6,8,"('Самые низкие цены на недвижимость в России в 2023 году',)"
https://www.kommersant.ru/doc/6211726,58210,671,1.15,17,"('Рецензия на триллер «Звук свободы» Алехандро Гомеса',)"
https://www.kommersant.ru/doc/6250708,58038,1923,3.31,9,"('Вышел роман Виктора Пелевина «Путешествие в Элевсин»', 'Мир-Рим-рай – Коммерсантъ')"
https://www.kommersant.ru/doc/5326981,57986,3231,5.57,10,"('Как обжаловать штраф за парковку в 2023 году',)"
https://www.kommersant.ru/doc/4551144,57619,1155,2.0,8,"('Сталинские репрессии: мифы и правда о Большом терроре', 'Мифы и реалии террора - Коммерсантъ')"
https://www.kommersant.ru/doc/5514748,57503,1062,1.85,11,"('Чем известен вице-адмирал Виктор Соколов - Коммерсантъ',)"
https://www.kommersant.ru/doc/4024391,57385,1494,2.6,2,"('Вавилон включен в Список всемирного наследия ЮНЕСКО – Коммерсантъ',)"
https://www.kommersant.ru/doc/5391320,57281,2369,4.14,6,"('«У особого ребенка есть право на образование, но оно не обеспечено финансово» - Коммерсантъ',)"
https://www.kommersant.ru/doc/6197555,57204,343,0.6,4,"('Путин подписал указ о повышении возраста отсрочки для IT-специалистов до 30 лет – Коммерсантъ',)"
https://www.kommersant.ru/doc/3294094,56713,925,1.63,6,"('148 УК РФ: что грозит за оскорбление чувств верующих', 'Что нужно знать о 148-й статье УК РФ – Картина дня – Коммерсантъ')"
https://www.kommersant.ru/doc/6148043,56659,2382,4.2,7,"('«Очень дорого, неприлично дорого»: «Автодор» объявил тарифы по первой половине дороги М-12',)"
https://www.kommersant.ru/doc/6265490,56336,887,1.57,11,"('Израиль начал военную операцию в секторе Газа – Коммерсантъ',)"
https://www.kommersant.ru/doc/5154510,56166,1377,2.45,4,"('Лишение гражданства: когда гражданина могут лишить гражданства в России и других странах', 'За что лишают гражданства в разных странах – Мир – Коммерсантъ', 'За что лишают гражданства в разных странах - Коммерсантъ')"
https://www.kommersant.ru/doc/6309971,56019,1722,3.07,7,"('Что происходило в Израиле. Главное и карта - Коммерсантъ', 'Что происходит в Израиле. Главное и карта - Коммерсантъ', 'Что происходит в Израиле. Главное - Коммерсантъ')"
https://www.kommersant.ru/doc/6121869,55963,326,0.58,9,"('Чем известен Игорь Стрелков - Коммерсантъ',)"
https://www.kommersant.ru/doc/6238237,55933,556,0.99,9,"('Госдума приняла заявление в связи с чествованием члена СС в парламенте Канады – Коммерсантъ', 'Госдума приняла заявление в связи с чествованием эсэсовца в парламенте Канады – Коммерсантъ', 'Госдума приняла заявление в связи с чествованием эсесовца в парламенте Канады – Коммерсантъ', 'The State Duma adopted a statement in connection with the honoring of the SS man in the Parliament of Canada - Kommersant')"
https://www.kommersant.ru/doc/4566204,55667,437,0.79,9,"('Храм Вооруженных сил: что символизирует главный собор Минобороны', 'Храм будущей войны – Наука')"
https://www.kommersant.ru/doc/5843927,55274,5722,10.35,5,"('WhatsApp добавил возможность создания стикеров из фотографий – Коммерсантъ',)"
https://www.kommersant.ru/doc/5874632,55170,8737,15.84,4,"('Приложения: Последние новости России и мира – Коммерсантъ Деньги (145911) - Цены на авто начнут снижаться в 2024 году',)"
https://www.kommersant.ru/doc/4449710,54905,1028,1.87,10,"('Мысли: как работает мозг, как формируются мысли', '«Мы носители мозга, который рассчитан на пещерные времена» – Коммерсантъ')"
https://www.kommersant.ru/doc/6298840,54839,618,1.13,11,"('Как Владимир Путин из Королева тянулся к Королеву. Репортаж Андрея Колесникова.', 'На Луне как на Луне – Коммерсантъ')"
https://www.kommersant.ru/doc/6281007,54565,557,1.02,12,"('Рецензия на фильм «Иди ко мне, детка» Ребекки Миллер',)"
https://www.kommersant.ru/doc/2645543,54366,2664,4.9,4,"('Крупнейшие тепловые электростанции России – Коммерсантъ',)"
https://www.kommersant.ru/doc/5155097,54299,2087,3.84,5,"('Telegram добавил быстрые реакции, скрытый текст и перевод сообщений – Коммерсантъ',)"
https://www.kommersant.ru/doc/6237528,54081,328,0.61,6,"('«Сбермаркет» обновляет состав – Коммерсантъ', '«Сбермаркет» покидают ключевые топ-менеджеры')"
https://www.kommersant.ru/doc/6281005,53970,771,1.43,8,"('ЦБ показал обновленные банкноты 1000 и 5000 рублей – Коммерсантъ', 'The Central Bank showed updated banknotes of 1000 and 5000 rubles – Kommersant')"
https://www.kommersant.ru/doc/5912259,53969,3985,7.38,7,"('Клаус Шваб: история «серого кардинала» мирового правительства',)"
https://www.kommersant.ru/doc/6251467,53835,880,1.63,6,"('Умер актер Джейк Абрахам, сыгравший в фильме «Карты, деньги, два ствола» – Коммерсантъ',)"
https://www.kommersant.ru/doc/5872777,53578,307,0.57,8,"('Аншлюс Австрии: что говорили и писали о нем в 1938 году', 'Аншлюс: включение Австрии в\xa0состав Германии в\xa01938\xa0году, история, воспоминания, свидетельства')"
https://www.kommersant.ru/doc/2453672,53536,571,1.07,5,"('Самый известный человек в мире',)"
https://www.kommersant.ru/doc/2289311,53533,315,0.59,8,"('НЕСОСТОЯВШАЯСЯ УБИЙЦА – Огонек № 43 (4718) от 28.10.2001',)"
https://www.kommersant.ru/doc/2287565,53415,533,1.0,13,"('ЭНЦИКЛОПЕДИЯ ПОЦЕЛУЕВ – Огонек № 21 (4648) от 25.06.2000', 'Что такое поцелуй? История вопроса')"
https://www.kommersant.ru/doc/6147302,53345,633,1.19,11,"('«Корабль призраков»: бессмысленно сочиненный фильм ужасов', 'Рецензия на фильм «Корабль призраков» Гэри Шора')"
https://www.kommersant.ru/doc/6265595,53185,490,0.92,10,"('Кадыров предложил отменить выборы президента России в 2024 году из-за СВО – Коммерсантъ',)"
https://www.kommersant.ru/doc/2418451,52754,1217,2.31,4,"('Кому принадлежал Крым – Картина дня – Коммерсантъ',)"
https://www.kommersant.ru/doc/6297128,52680,673,1.28,10,"('Дом блогера Анатолия Шария в Испании закидали «коктейлями Молотова» – Коммерсантъ', 'Дом блогера Анатолия Шария в Испании закидали коктейлями Молотова – Коммерсантъ', 'Dom blogera Anatolija Szarija w Hiszpanii został zbombardowany koktajlami Mołotowa – Kommersant')"
https://www.kommersant.ru/doc/6265640,52664,4552,8.64,9,"('Haaretz: несколько израильских городов, включая Тель-Авив, подверглись обстрелам – Коммерсантъ',)"
https://www.kommersant.ru/doc/4171766,52495,564,1.07,2,"('На Кубани начнут выдавать автомобильные номера с кодом региона 193 – Коммерсантъ Краснодар',)"
https://www.kommersant.ru/doc/5608216,52494,2118,4.03,9,"('Изменения в ФЗ-38 «О рекламе» и кто такие ОРД? – Коммерсантъ Саратов',)"
https://www.kommersant.ru/doc/6321358,52208,2632,5.04,8,"('Помощника главкома ВСУ Залужного убило спрятанное в подарке взрывное устройство – Коммерсантъ', 'Помощника Главкома ВСУ Залужного убило спрятанное в подарке взрывное устройство – Коммерсантъ')"
https://www.kommersant.ru/doc/5392619,52111,639,1.23,11,"('Тариф о дружбе и взаимопомощи – Газета Коммерсантъ № 99 (7300) от 07.06.2022',)"
https://www.kommersant.ru/doc/6222225,52100,784,1.5,10,"('Генерал Суровикин находится в Алжире с делегацией Минобороны – Коммерсантъ',)"
https://www.kommersant.ru/doc/5771639,51908,2369,4.56,6,"('Инфляция в 2022 году в России по данным Росстата',)"
https://www.kommersant.ru/doc/6269001,51855,1699,3.28,10,"('Песню «Это пройдет» группы «Порнофильмы» внесли в реестр запрещенных материалов – Коммерсантъ',)"
https://www.kommersant.ru/doc/4957182,51837,2450,4.73,2,"('Самые продаваемые БАДы в аптеках в первой половине 2021 года – Коммерсантъ',)"
https://www.kommersant.ru/doc/6312323,51534,732,1.42,8,"('Team Spirit отказалась от денег порноактрисы Евы Эльфи, собранных на OnlyFans – Коммерсантъ',)"
https://www.kommersant.ru/doc/1797013,51462,2069,4.02,7,"('10 революций, которые потрясли мир – Коммерсантъ', '10 главных революций: Французская, Октябрьская и другие')"
https://www.kommersant.ru/doc/3651318,51427,198,0.39,12,"('Весь Супермен в 50 фактах – Weekend', 'Супермен: только факты о главном супергерое Америки')"
https://www.kommersant.ru/doc/6296485,51332,2561,4.99,5,"('Востоковед Сатановский принес извинения Захаровой за оскорбления – Коммерсантъ', 'Orientalista Satanovskij sa Zacharovej ospravedlnil za urážky – Kommersant')"
https://www.kommersant.ru/doc/3999228,51214,1369,2.67,6,"('«Токсины – причина большинства болезней, возникающих у человека» – Коммерсантъ Краснодар',)"
https://www.kommersant.ru/doc/4322618,51078,1219,2.39,9,"('21\xa0киносайт, где можно найти сокровища или просто весело провести время (или очень много времени) – Weekend',)"
https://www.kommersant.ru/doc/4988363,50931,3986,7.83,11,"('Совладельцы КРУ и УГМК вошли число участников УК «Анжерская-Южная» в Кузбассе – Коммерсантъ Красноярск',)"
https://www.kommersant.ru/doc/6254026,50679,1738,3.43,7,"('Выступление Путина на форуме «Валдай». Главное - Коммерсантъ',)"
https://www.kommersant.ru/doc/1095188,50598,2839,5.61,9,"('Где лучше умереть: безболезненно, пышно, сохранив наследство',)"
https://www.kommersant.ru/doc/5525987,50583,5288,10.45,5,"('У берегов Италии затонула яхта Life Saga, предположительно, принадлежащая Геннадию Айвазяну – Коммерсантъ',)"
https://www.kommersant.ru/doc/6235928,50550,1176,2.33,9,"('Ракета достала до\xa0штаба - Коммерсантъ', 'В Севастополе ракета попала в штаб Черноморского флота', 'V Sevastopolu je raketa zadela poveljstvo črnomorske flote', 'Sevastopolissa ohjus osui Mustanmeren laivaston päämajaan')"
https://www.kommersant.ru/doc/5240237,50500,2748,5.44,8,"('Путин установил допвыплаты семьям военнослужащих, погибших на Украине – Коммерсантъ',)"
https://www.kommersant.ru/doc/6239467,50422,2435,4.83,5,"('Армения предложила РФ соглашение, чтобы развеять опасения по Римскому статуту – Коммерсантъ',)"
https://www.kommersant.ru/doc/1882933,50218,2323,4.63,9,"('Прием снотворных приближает смерть – Коммерсантъ FM', 'Прием снотворных приближает смерть – Коммерсантъ FM – Коммерсантъ')"
https://www.kommersant.ru/doc/1984361,50051,213,0.43,9,"('Братья Крэй: криминальные хозяева Лондона', 'Дело о братьях-разбойниках – Деньги – Коммерсантъ')"
https://www.kommersant.ru/doc/6266564,49956,167,0.33,10,"('Ливанская «Хезболла» нанесла ответные удары по Израилю – Коммерсантъ',)"
https://www.kommersant.ru/doc/5281689,49937,284,0.57,14,"('«Груз 200»: почему фильм Балабанова все еще актуален', 'Вечный груз – Weekend')"
https://www.kommersant.ru/doc/6268542,49657,547,1.1,12,"('Израиль и Палестина обмениваются ударами – Коммерсантъ FM',)"
https://www.kommersant.ru/doc/404403,49636,533,1.07,9,"('Все монархии мира – Власть',)"
https://www.kommersant.ru/doc/4918123,49512,1054,2.13,21,"('«Военная ипотека» — кто может получить и как ею воспользоваться – Коммерсантъ Уфа', 'Военная ипотека: как получить, кому положена, условия')"
https://www.kommersant.ru/doc/6251688,49251,867,1.76,9,"('Рецензия на фильм ужасов «Заклятие. Зло внутри» Бишала Дутты',)"
https://www.kommersant.ru/doc/6173617,49024,3172,6.47,7,"('Что известно о генерале Викторе Афзалове - Коммерсантъ', 'Генерал Виктор Афзалов: краткая биография')"
https://www.kommersant.ru/doc/5999665,48917,1412,2.89,17,"('Регистрация авто в ГИБДД в 2023',)"
https://www.kommersant.ru/doc/203835,48818,591,1.21,3,"('Почему не надо мешать лекарства – Газета Коммерсантъ № 154 (1557) от 22.08.1998',)"
https://www.kommersant.ru/doc/4879963,48706,1059,2.17,9,"('Солдат устал сидеть – Коммерсантъ',)"
https://www.kommersant.ru/doc/6252399,48678,718,1.47,8,"('Парламент Армении ратифицировал Римский статут МУС – Коммерсантъ',)"
https://www.kommersant.ru/doc/778151,48676,586,1.2,16,"('Приложения: Последние новости России и мира – Коммерсантъ Настоящая Игра (41541) - Таблица умножения для игры в блэк-джек', 'Как играть в блэк-джек')"
https://www.kommersant.ru/doc/6320770,48606,3126,6.43,8,"('В Швейцарии умер фигурист Олег\xa0Протопопов. Некролог', 'Пара вне\xa0системы - Коммерсантъ', 'Пара вне системы - Коммерсантъ', 'В Швейцарии умер советский фигурист Олег\xa0Протопопов. Некролог')"
https://www.kommersant.ru/doc/6319818,48395,3388,7.0,4,"('У каких стран есть ядерное оружие - Коммерсантъ',)"
https://www.kommersant.ru/doc/611986,48292,1593,3.3,10,"('Лицо русской национальности – Власть – Коммерсантъ', 'Типичная внешность русского человека: как выглядит русский')"
https://www.kommersant.ru/doc/6223674,48008,1062,2.21,5,"('Прогноз ЦБ: инфляция по итогам 2023 года составит 6–7% – Коммерсантъ',)"
https://www.kommersant.ru/doc/6282798,47826,3443,7.2,5,"('Умер актер театра и кино Евгений Артемьев – Коммерсантъ',)"
https://www.kommersant.ru/doc/6014687,47768,247,0.52,11,"('Косово: история и статус', 'Краткая история и статус Косово')"
https://www.kommersant.ru/doc/6280270,47619,2307,4.84,6,"('Что происходит в Израиле. День 8-й. Главное и карта',)"
https://www.kommersant.ru/doc/671734,47537,1194,2.51,10,"('Убийства мировых лидеров – Власть', 'Как убивали президентов и других политиков')"
https://www.kommersant.ru/doc/6283279,47449,249,0.52,11,"('Умер актер юмористической программы «Каламбур» Сергей Гладков – Коммерсантъ',)"
https://www.kommersant.ru/doc/2588091,47071,364,0.77,9,"('Алексей Воеводин: в чем суть дела СВР', 'Семь лет к пожизненному сроку – Картина дня – Коммерсантъ', ""Sette anni all'ergastolo – Immagine del giorno – Kommersant"")"
https://www.kommersant.ru/doc/6211407,47030,1426,3.03,7,"('Минэкономики в 2024 году прогнозирует курс доллара выше 90 рублей – Коммерсантъ',)"
https://www.kommersant.ru/doc/6125181,47024,485,1.03,11,"('«О чем говорят незнакомцы»: тоскливый фильм-спектакль', '«О чем говорят незнакомцы» Херардо Эрреро. Рецензия на фильм')"
https://www.kommersant.ru/doc/5480950,46997,1800,3.83,5,"('Магазины на «Авито» смогут отправлять товары через отделения Почты России – Новости компаний',)"
https://www.kommersant.ru/doc/5316886,46892,3164,6.75,11,"('Налог на роскошь 2023: за какие автомобили нужно платить пошлину',)"
https://www.kommersant.ru/doc/5005553,46879,1384,2.95,12,"('Изменения в ПДД с 1 марта 2023 года',)"
https://www.kommersant.ru/docs/2013/standart.pdf,46817,1411,3.01,23,"('Что происходит в Израиле. День 10-й. Главное и карта',)"
https://www.kommersant.ru/doc/6280704,46751,1315,2.81,7,"('Как устроен город – Weekend',)"
https://www.kommersant.ru/doc/3242167,46707,226,0.48,12,"('Автономера вышли на\xa0передний план – Коммерсантъ', 'Автомобилистам разрешили устанавливать спереди квадратные номера', 'Автономера вышли на передний план – Коммерсантъ')"
https://www.kommersant.ru/doc/6295793,46530,4226,9.08,4,"('Росстат: медианная зарплата в России выросла до 40,3 тысяч рублей – Коммерсантъ',)"
https://www.kommersant.ru/doc/6052989,46476,895,1.93,11,"('Новый порядок взаимодействия ДПС с водителями вступает в силу',)"
https://www.kommersant.ru/doc/6096531,46404,1456,3.14,10,"('Азербайджан разжег мир – Коммерсантъ', 'Карабахский конфликт подтвердил, что мира без войны не бывает')"
https://www.kommersant.ru/doc/6239442,46327,1061,2.29,9,"('Кто такие «Свидетели Иеговы» - Коммерсантъ',)"
https://www.kommersant.ru/doc/3276720,46284,704,1.52,7,"('Из истории налоготворчества – Власть – Коммерсантъ', 'Самые странные и знаменитые налоги. Что облагали налогом в разные эпохи')"
https://www.kommersant.ru/doc/776803,46233,673,1.46,9,"('Как умер Есенин', 'Есенина не убивали – Огонек № 51 (4925) от 25.12.2005')"
https://www.kommersant.ru/doc/2296306,46228,430,0.93,8,"('Последний ад или последний рай? – Коммерсантъ',)"
https://www.kommersant.ru/doc/4250618,46014,1669,3.63,6,"('Моники Левински: карьерный путь и история с секс-скандалом',)"
https://www.kommersant.ru/doc/6110588,46007,1739,3.78,6,"('В прокат выходит «Дочь болотного царя» Нила Бёргера',)"
https://www.kommersant.ru/doc/6312125,45986,366,0.8,10,"('ТАСС: летчик ВСУ перешел на российскую сторону – Коммерсантъ', 'TASS: Il pilota delle forze armate ucraine ha disertato passando dalla parte russa – Kommersant')"
https://www.kommersant.ru/doc/6349371,45984,3661,7.96,3,"('Кто убил Кеннеди - Коммерсантъ',)"
https://www.kommersant.ru/gallery/2351087,45928,629,1.37,6,"('Кредитная амнистия в 2023 году для физических лиц',)"
https://www.kommersant.ru/doc/5340724,45877,3035,6.62,20,"('Блогер Аяз Шабутдинов задержан в Москве по подозрению в мошенничестве – Коммерсантъ Санкт-Петербург',)"
https://www.kommersant.ru/doc/6320459,45689,7931,17.36,4,"('Аугусто Пиночет: как кровавый диктатор стал спасителем экономики', 'Как Пиночет стал одновременно кровавым диктатором и\xa0спасителем экономики')"
https://www.kommersant.ru/doc/6196771,45555,402,0.88,7,"('Что такое «арктическая ипотека» - Коммерсантъ',)"
https://www.kommersant.ru/doc/6297850,45477,3138,6.9,7,"('Авито впервые запускает опцию возврата товаров от частных продавцов – Новости компаний',)"
https://www.kommersant.ru/doc/5772873,45453,1654,3.64,8,"('Лионель Месси получит восьмой «Золотой мяч»', 'Мяч не по году – Коммерсантъ')"
https://www.kommersant.ru/doc/6281775,45129,690,1.53,9,"('Беспорядки в аэропорту Махачкалы. Главное - Коммерсантъ', 'Беспорядки а аэропорту Махачкалы. Главное - Коммерсантъ')"
https://www.kommersant.ru/doc/6310495,45089,749,1.66,7,"('Мамонты: краткая история', 'Новые данные о вымирании мамонтов – Наука')"
https://www.kommersant.ru/doc/5218325,44711,363,0.81,8,"('Водителей проверят на хронический алкоголизм – Коммерсантъ',)"
https://www.kommersant.ru/doc/4120039,44589,2216,4.97,10,"('Антики, халаты, насики, зовистницы – Огонек № 8 (5603) от 02.03.2020',)"
https://www.kommersant.ru/doc/4267496,44510,264,0.59,6,"('Кем\xa0был и\xa0чему учил Константин Ушинский',)"
https://www.kommersant.ru/doc/5979143,44501,766,1.72,8,"('Великие стяжатели Екатерины Великой – Деньги – Коммерсантъ',)"
https://www.kommersant.ru/doc/1360179,44150,261,0.59,12,"('«У больных распадаются метастазы — раньше мы о таком не могли и мечтать» - Коммерсантъ',)"
https://www.kommersant.ru/doc/5583870,43614,1762,4.04,27,"('Создатель секты вышел по звонку - Коммерсантъ',)"
https://www.kommersant.ru/doc/5018520,43609,2850,6.54,6,"('«Авито Недвижимость» назвало самые дешевые и дорогие районы Москвы для покупки квартиры на вторичном рынке – Коммерсантъ',)"
https://www.kommersant.ru/doc/5888438,43600,5295,12.14,4,"('Пенсии в 2024 году: кому и насколько проиндексируют', 'Минимальная пенсия в 2024 году - Коммерсантъ')"
https://www.kommersant.ru/doc/6338858,43589,2461,5.65,4,"('""В антисоветских целях занимался мужеложеством"" – Власть – Коммерсантъ', 'Николай Ежов: история взлета и падения «кровавого карлика»')"
https://www.kommersant.ru/doc/428230,43388,773,1.78,8,"('Као-мани: особая порода кошек',)"
https://www.kommersant.ru/doc/4742511,43373,797,1.84,10,"('Адам Кадыров назначен на «ответственную должность» в совете безопасности Чечни – Коммерсантъ',)"
https://www.kommersant.ru/doc/6320969,43251,834,1.93,8,"('Новые тарифы на проезд в общественном транспорте и на штрафстоянки', 'В Москве второй раз за год выросла стоимость штрафстоянки и проезда в общественном транспорте')"
https://www.kommersant.ru/doc/6280412,43031,1305,3.03,9,"('Сенатор Павлова призвала переориентировать девушек с получения высшего образования на деторождение – Коммерсантъ', 'Маргарита Павлова призвала переориентировать девушек с высшего образования на деторождение', 'Senatorin Pavlova forderte eine Umorientierung von Mädchen von der Hochschulbildung auf die Geburt von Kindern – Kommersant')"
https://www.kommersant.ru/doc/6336911,42987,1675,3.9,6,"('10 речных цивилизаций – Огонек № 19 (5275) от 20.05.2013', 'От Нила до Дона: 10 великих рек и цивилизации вокруг них')"
https://www.kommersant.ru/doc/2182647,42909,2314,5.39,9,"('Битцевского маньяка не могут оградить от подростков – Коммерсантъ',)"
https://www.kommersant.ru/doc/5840138,42832,191,0.45,11,"('Умер бывший участник групп «Би-2» и «Дюна» Николай Плявин – Коммерсантъ',)"
https://www.kommersant.ru/doc/6338510,42787,982,2.3,5,"('«Их секли до крови, а мы слушали их вопли» - Коммерсантъ',)"
https://www.kommersant.ru/doc/4916952,42749,1440,3.37,8,"('""В каждое оскорбительное слово россиянин вкладывает душу и сердце"" – Коммерсантъ FM – Коммерсантъ', '""В каждое оскорбительное слово россиянин вкладывает душу и сердце"" – Коммерсантъ FM')"
https://www.kommersant.ru/doc/2162239,42731,5646,13.21,3,"('«Эреспал» внесли в «черный список» – Коммерсантъ FM',)"
https://www.kommersant.ru/doc/3887765,42705,875,2.05,2,"('Кто открыл Австралию? – Коммерсантъ FM – Коммерсантъ',)"
https://www.kommersant.ru/doc/1629814,42429,301,0.71,6,"('Демократия и качество государства – Газета Коммерсантъ № 20 (4805) от 06.02.2012', 'Демократия и качество государства. Статья Владимира Путина')"
https://www.kommersant.ru/doc/1866753,42019,468,1.11,11,"('Либерально-демократическая партия России – Власть – Коммерсантъ',)"
https://www.kommersant.ru/doc/3082418,41982,1419,3.38,7,"('Где и как арендовать квартиру на сутки в России в 2023 году',)"
https://www.kommersant.ru/doc/5424310,41852,1619,3.87,15,
